,文件名别,水田,水浇地,旱耕地,园地,乔木林地,灌木林地,天然草地,人工草地,工业用地,城市住宅,村镇住宅,交通运输,河流,湖泊,坑塘,其他类
0,GF2_PMS1__20150212_L1A0000647768-MSS1_label_3_1.tif,0,1670570,0,666523,0,0,0,0,0,0,13327,0,0,0,0,709580
0,GF2_PMS1__20150212_L1A0000647768-MSS1_label_3_1.tif,0,1670570,0,666523,0,0,0,0,0,0,13327,0,0,0,0,709580
1,GF2_PMS2__20150217_L1A0000658637-MSS2_label_2_3.tif,0,235930,0,0,222374,0,0,0,0,0,5924,0,0,0,170928,2424844
1,GF2_PMS2__20150217_L1A0000658637-MSS2_label_2_3.tif,0,235930,0,0,222374,0,0,0,0,0,5924,0,0,0,170928,2424844
1,GF2_PMS2__20150217_L1A0000658637-MSS2_label_2_3.tif,0,235930,0,0,222374,0,0,0,0,0,5924,0,0,0,170928,2424844
2,GF2_PMS1__20151203_L1A0001217916-MSS1_label_0_0.tif,0,0,339392,0,0,0,0,0,227913,721384,0,121435,0,0,0,1649876
2,GF2_PMS1__20151203_L1A0001217916-MSS1_label_0_0.tif,0,0,339392,0,0,0,0,0,227913,721384,0,121435,0,0,0,1649876
3,GF2_PMS2__20160225_L1A0001433318-MSS2_label_1_3.tif,0,1305059,0,0,0,0,0,0,0,0,0,0,289569,0,0,1465372
4,GF2_PMS1__20160327_L1A0001491417-MSS1_label_2_0.tif,0,0,1299371,0,0,0,0,0,0,0,94760,0,0,1101769,0,564100
4,GF2_PMS1__20160327_L1A0001491417-MSS1_label_2_0.tif,0,0,1299371,0,0,0,0,0,0,0,94760,0,0,1101769,0,564100
5,GF2_PMS1__20151203_L1A0001217916-MSS1_label_2_2.tif,0,0,0,0,0,0,0,0,0,2512628,0,85591,191189,0,0,270592
5,GF2_PMS1__20151203_L1A0001217916-MSS1_label_2_2.tif,0,0,0,0,0,0,0,0,0,2512628,0,85591,191189,0,0,270592
6,GF2_PMS1__20160816_L1A0001765570-MSS1_label_2_2.tif,0,0,1097259,0,0,0,35465,0,0,0,32606,0,5680,0,0,1888990
7,GF2_PMS1__20160327_L1A0001491417-MSS1_label_1_1.tif,0,0,1575598,0,0,76884,0,0,0,0,77564,0,0,267700,0,1062254
7,GF2_PMS1__20160327_L1A0001491417-MSS1_label_1_1.tif,0,0,1575598,0,0,76884,0,0,0,0,77564,0,0,267700,0,1062254
7,GF2_PMS1__20160327_L1A0001491417-MSS1_label_1_1.tif,0,0,1575598,0,0,76884,0,0,0,0,77564,0,0,267700,0,1062254
7,GF2_PMS1__20160327_L1A0001491417-MSS1_label_1_1.tif,0,0,1575598,0,0,76884,0,0,0,0,77564,0,0,267700,0,1062254
7,GF2_PMS1__20160327_L1A0001491417-MSS1_label_1_1.tif,0,0,1575598,0,0,76884,0,0,0,0,77564,0,0,267700,0,1062254
7,GF2_PMS1__20160327_L1A0001491417-MSS1_label_1_1.tif,0,0,1575598,0,0,76884,0,0,0,0,77564,0,0,267700,0,1062254
7,GF2_PMS1__20160327_L1A0001491417-MSS1_label_1_1.tif,0,0,1575598,0,0,76884,0,0,0,0,77564,0,0,267700,0,1062254
7,GF2_PMS1__20160327_L1A0001491417-MSS1_label_1_1.tif,0,0,1575598,0,0,76884,0,0,0,0,77564,0,0,267700,0,1062254
7,GF2_PMS1__20160327_L1A0001491417-MSS1_label_1_1.tif,0,0,1575598,0,0,76884,0,0,0,0,77564,0,0,267700,0,1062254
7,GF2_PMS1__20160327_L1A0001491417-MSS1_label_1_1.tif,0,0,1575598,0,0,76884,0,0,0,0,77564,0,0,267700,0,1062254
7,GF2_PMS1__20160327_L1A0001491417-MSS1_label_1_1.tif,0,0,1575598,0,0,76884,0,0,0,0,77564,0,0,267700,0,1062254
7,GF2_PMS1__20160327_L1A0001491417-MSS1_label_1_1.tif,0,0,1575598,0,0,76884,0,0,0,0,77564,0,0,267700,0,1062254
7,GF2_PMS1__20160327_L1A0001491417-MSS1_label_1_1.tif,0,0,1575598,0,0,76884,0,0,0,0,77564,0,0,267700,0,1062254
7,GF2_PMS1__20160327_L1A0001491417-MSS1_label_1_1.tif,0,0,1575598,0,0,76884,0,0,0,0,77564,0,0,267700,0,1062254
7,GF2_PMS1__20160327_L1A0001491417-MSS1_label_1_1.tif,0,0,1575598,0,0,76884,0,0,0,0,77564,0,0,267700,0,1062254
7,GF2_PMS1__20160327_L1A0001491417-MSS1_label_1_1.tif,0,0,1575598,0,0,76884,0,0,0,0,77564,0,0,267700,0,1062254
8,GF2_PMS1__20150212_L1A0000647768-MSS1_label_0_2.tif,0,1158351,0,0,161862,0,0,0,0,0,115186,0,0,446722,0,1177879
8,GF2_PMS1__20150212_L1A0000647768-MSS1_label_0_2.tif,0,1158351,0,0,161862,0,0,0,0,0,115186,0,0,446722,0,1177879
9,GF2_PMS1__20151203_L1A0001217916-MSS1_label_0_1.tif,0,0,0,0,0,0,0,0,477429,1055340,0,115529,45523,0,0,1366179
9,GF2_PMS1__20151203_L1A0001217916-MSS1_label_0_1.tif,0,0,0,0,0,0,0,0,477429,1055340,0,115529,45523,0,0,1366179
10,GF2_PMS2__20150217_L1A0000658637-MSS2_label_1_0.tif,465698,1562829,0,0,0,0,0,0,3190,38696,0,0,42965,0,24402,922220
10,GF2_PMS2__20150217_L1A0000658637-MSS2_label_1_0.tif,465698,1562829,0,0,0,0,0,0,3190,38696,0,0,42965,0,24402,922220
11,GF2_PMS1__20160327_L1A0001491417-MSS1_label_3_3.tif,0,0,2116,0,0,0,0,0,0,0,62218,1173,0,0,0,2994493
11,GF2_PMS1__20160327_L1A0001491417-MSS1_label_3_3.tif,0,0,2116,0,0,0,0,0,0,0,62218,1173,0,0,0,2994493
12,GF2_PMS1__20151203_L1A0001217916-MSS1_label_3_2.tif,0,0,0,0,0,0,0,0,0,2489409,0,83555,145867,0,0,341169
12,GF2_PMS1__20151203_L1A0001217916-MSS1_label_3_2.tif,0,0,0,0,0,0,0,0,0,2489409,0,83555,145867,0,0,341169
13,GF2_PMS1__20160816_L1A0001765570-MSS1_label_3_3.tif,0,0,2610291,0,0,0,26382,0,0,0,42352,0,0,0,0,380975
14,GF2_PMS1__20160327_L1A0001491417-MSS1_label_0_1.tif,0,0,1180651,0,0,0,0,0,0,0,149896,0,0,0,0,1729453
15,GF2_PMS1__20151203_L1A0001217916-MSS1_label_3_0.tif,0,0,0,0,0,0,0,0,76121,1632744,0,324425,101830,0,0,924880
15,GF2_PMS1__20151203_L1A0001217916-MSS1_label_3_0.tif,0,0,0,0,0,0,0,0,76121,1632744,0,324425,101830,0,0,924880
16,GF2_PMS1__20160827_L1A0001793003-MSS1_label_3_2.tif,0,0,0,0,0,0,0,144064,0,1955798,6301,277918,0,0,0,675919
16,GF2_PMS1__20160827_L1A0001793003-MSS1_label_3_2.tif,0,0,0,0,0,0,0,144064,0,1955798,6301,277918,0,0,0,675919
16,GF2_PMS1__20160827_L1A0001793003-MSS1_label_3_2.tif,0,0,0,0,0,0,0,144064,0,1955798,6301,277918,0,0,0,675919
16,GF2_PMS1__20160827_L1A0001793003-MSS1_label_3_2.tif,0,0,0,0,0,0,0,144064,0,1955798,6301,277918,0,0,0,675919
17,GF2_PMS2__20150217_L1A0000658637-MSS2_label_3_2.tif,23799,1470532,0,0,13393,0,0,0,0,0,43758,0,0,0,111037,1397481
17,GF2_PMS2__20150217_L1A0000658637-MSS2_label_3_2.tif,23799,1470532,0,0,13393,0,0,0,0,0,43758,0,0,0,111037,1397481
17,GF2_PMS2__20150217_L1A0000658637-MSS2_label_3_2.tif,23799,1470532,0,0,13393,0,0,0,0,0,43758,0,0,0,111037,1397481
18,GF2_PMS1__20151203_L1A0001217916-MSS1_label_3_3.tif,0,0,0,0,0,0,0,0,18531,2277296,0,121108,172710,0,0,470355
18,GF2_PMS1__20151203_L1A0001217916-MSS1_label_3_3.tif,0,0,0,0,0,0,0,0,18531,2277296,0,121108,172710,0,0,470355
19,GF2_PMS2__20160225_L1A0001433318-MSS2_label_3_1.tif,0,922343,0,0,0,0,65787,0,0,0,0,0,0,0,0,2071870
20,GF2_PMS2__20160510_L1A0001573999-MSS2_label_0_0.tif,0,0,0,0,0,0,953303,0,0,0,0,0,0,0,0,2106697
20,GF2_PMS2__20160510_L1A0001573999-MSS2_label_0_0.tif,0,0,0,0,0,0,953303,0,0,0,0,0,0,0,0,2106697
21,GF2_PMS2__20160225_L1A0001433318-MSS2_label_3_3.tif,0,1198835,0,0,0,0,0,0,0,0,0,0,273857,0,0,1587308
22,GF2_PMS1__20150902_L1A0001015649-MSS1_label_3_3.tif,1802866,92048,0,0,0,0,0,0,0,0,8427,0,82872,0,794485,279302
22,GF2_PMS1__20150902_L1A0001015649-MSS1_label_3_3.tif,1802866,92048,0,0,0,0,0,0,0,0,8427,0,82872,0,794485,279302
22,GF2_PMS1__20150902_L1A0001015649-MSS1_label_3_3.tif,1802866,92048,0,0,0,0,0,0,0,0,8427,0,82872,0,794485,279302
22,GF2_PMS1__20150902_L1A0001015649-MSS1_label_3_3.tif,1802866,92048,0,0,0,0,0,0,0,0,8427,0,82872,0,794485,279302
22,GF2_PMS1__20150902_L1A0001015649-MSS1_label_3_3.tif,1802866,92048,0,0,0,0,0,0,0,0,8427,0,82872,0,794485,279302
23,GF2_PMS2__20160510_L1A0001573999-MSS2_label_3_2.tif,0,0,0,0,0,0,403349,0,0,0,0,0,0,0,0,2656651
23,GF2_PMS2__20160510_L1A0001573999-MSS2_label_3_2.tif,0,0,0,0,0,0,403349,0,0,0,0,0,0,0,0,2656651
24,GF2_PMS2__20160225_L1A0001433318-MSS2_label_3_2.tif,0,1640725,0,0,0,0,0,0,0,0,0,0,0,0,0,1419275
25,GF2_PMS1__20150902_L1A0001015649-MSS1_label_0_3.tif,551489,767203,0,0,0,0,0,0,0,0,0,0,35808,0,665396,1040104
25,GF2_PMS1__20150902_L1A0001015649-MSS1_label_0_3.tif,551489,767203,0,0,0,0,0,0,0,0,0,0,35808,0,665396,1040104
25,GF2_PMS1__20150902_L1A0001015649-MSS1_label_0_3.tif,551489,767203,0,0,0,0,0,0,0,0,0,0,35808,0,665396,1040104
26,GF2_PMS1__20160421_L1A0001537716-MSS1_label_3_2.tif,0,0,329376,0,0,0,0,0,153157,741038,0,0,47809,0,26812,1761808
26,GF2_PMS1__20160421_L1A0001537716-MSS1_label_3_2.tif,0,0,329376,0,0,0,0,0,153157,741038,0,0,47809,0,26812,1761808
27,GF2_PMS1__20151203_L1A0001217916-MSS1_label_2_3.tif,0,0,0,0,0,0,0,0,0,2310832,0,96365,266828,0,0,385975
27,GF2_PMS1__20151203_L1A0001217916-MSS1_label_2_3.tif,0,0,0,0,0,0,0,0,0,2310832,0,96365,266828,0,0,385975
28,GF2_PMS1__20160816_L1A0001765570-MSS1_label_1_3.tif,0,0,2054784,19220,0,0,0,0,0,0,0,0,0,0,0,985996
29,GF2_PMS1__20151203_L1A0001217916-MSS1_label_0_3.tif,0,0,0,0,0,0,0,0,649248,1230210,0,0,293802,0,0,886740
29,GF2_PMS1__20151203_L1A0001217916-MSS1_label_0_3.tif,0,0,0,0,0,0,0,0,649248,1230210,0,0,293802,0,0,886740
30,GF2_PMS1__20160421_L1A0001537716-MSS1_label_2_2.tif,0,0,200524,0,0,0,0,0,133042,837736,0,47367,162423,0,0,1678908
30,GF2_PMS1__20160421_L1A0001537716-MSS1_label_2_2.tif,0,0,200524,0,0,0,0,0,133042,837736,0,47367,162423,0,0,1678908
31,GF2_PMS1__20151203_L1A0001217916-MSS1_label_3_1.tif,0,0,0,0,0,0,0,0,0,2623044,0,82597,37951,0,0,316408
31,GF2_PMS1__20151203_L1A0001217916-MSS1_label_3_1.tif,0,0,0,0,0,0,0,0,0,2623044,0,82597,37951,0,0,316408
32,GF2_PMS1__20151203_L1A0001217916-MSS1_label_1_0.tif,0,0,110,0,0,0,0,0,411598,950537,0,85293,68330,0,0,1544132
32,GF2_PMS1__20151203_L1A0001217916-MSS1_label_1_0.tif,0,0,110,0,0,0,0,0,411598,950537,0,85293,68330,0,0,1544132
33,GF2_PMS1__20160327_L1A0001491417-MSS1_label_3_0.tif,0,0,351374,0,0,0,0,0,0,0,0,0,0,2409689,0,298937
33,GF2_PMS1__20160327_L1A0001491417-MSS1_label_3_0.tif,0,0,351374,0,0,0,0,0,0,0,0,0,0,2409689,0,298937
34,GF2_PMS1__20150902_L1A0001015649-MSS1_label_0_1.tif,115268,2078021,0,0,0,0,0,0,0,0,87239,0,27706,0,0,751766
35,GF2_PMS1__20160327_L1A0001491417-MSS1_label_1_3.tif,0,0,983461,0,0,79020,0,0,0,119031,145978,19292,0,0,0,1713218
35,GF2_PMS1__20160327_L1A0001491417-MSS1_label_1_3.tif,0,0,983461,0,0,79020,0,0,0,119031,145978,19292,0,0,0,1713218
35,GF2_PMS1__20160327_L1A0001491417-MSS1_label_1_3.tif,0,0,983461,0,0,79020,0,0,0,119031,145978,19292,0,0,0,1713218
35,GF2_PMS1__20160327_L1A0001491417-MSS1_label_1_3.tif,0,0,983461,0,0,79020,0,0,0,119031,145978,19292,0,0,0,1713218
35,GF2_PMS1__20160327_L1A0001491417-MSS1_label_1_3.tif,0,0,983461,0,0,79020,0,0,0,119031,145978,19292,0,0,0,1713218
35,GF2_PMS1__20160327_L1A0001491417-MSS1_label_1_3.tif,0,0,983461,0,0,79020,0,0,0,119031,145978,19292,0,0,0,1713218
35,GF2_PMS1__20160327_L1A0001491417-MSS1_label_1_3.tif,0,0,983461,0,0,79020,0,0,0,119031,145978,19292,0,0,0,1713218
35,GF2_PMS1__20160327_L1A0001491417-MSS1_label_1_3.tif,0,0,983461,0,0,79020,0,0,0,119031,145978,19292,0,0,0,1713218
35,GF2_PMS1__20160327_L1A0001491417-MSS1_label_1_3.tif,0,0,983461,0,0,79020,0,0,0,119031,145978,19292,0,0,0,1713218
35,GF2_PMS1__20160327_L1A0001491417-MSS1_label_1_3.tif,0,0,983461,0,0,79020,0,0,0,119031,145978,19292,0,0,0,1713218
35,GF2_PMS1__20160327_L1A0001491417-MSS1_label_1_3.tif,0,0,983461,0,0,79020,0,0,0,119031,145978,19292,0,0,0,1713218
35,GF2_PMS1__20160327_L1A0001491417-MSS1_label_1_3.tif,0,0,983461,0,0,79020,0,0,0,119031,145978,19292,0,0,0,1713218
35,GF2_PMS1__20160327_L1A0001491417-MSS1_label_1_3.tif,0,0,983461,0,0,79020,0,0,0,119031,145978,19292,0,0,0,1713218
35,GF2_PMS1__20160327_L1A0001491417-MSS1_label_1_3.tif,0,0,983461,0,0,79020,0,0,0,119031,145978,19292,0,0,0,1713218
35,GF2_PMS1__20160327_L1A0001491417-MSS1_label_1_3.tif,0,0,983461,0,0,79020,0,0,0,119031,145978,19292,0,0,0,1713218
35,GF2_PMS1__20160327_L1A0001491417-MSS1_label_1_3.tif,0,0,983461,0,0,79020,0,0,0,119031,145978,19292,0,0,0,1713218
36,GF2_PMS2__20160510_L1A0001573999-MSS2_label_2_2.tif,0,0,0,0,0,0,1028073,0,0,0,0,0,0,0,0,2031927
36,GF2_PMS2__20160510_L1A0001573999-MSS2_label_2_2.tif,0,0,0,0,0,0,1028073,0,0,0,0,0,0,0,0,2031927
37,GF2_PMS2__20150217_L1A0000658637-MSS2_label_3_1.tif,171745,1944839,0,0,80799,0,0,0,0,0,0,0,0,0,0,862617
38,GF2_PMS2__20150217_L1A0000658637-MSS2_label_3_3.tif,0,517455,0,0,396290,0,0,0,0,0,12245,0,241205,0,0,1892805
39,GF2_PMS2__20160510_L1A0001573999-MSS2_label_2_0.tif,0,0,0,0,0,0,744582,0,0,0,0,0,0,0,0,2315418
39,GF2_PMS2__20160510_L1A0001573999-MSS2_label_2_0.tif,0,0,0,0,0,0,744582,0,0,0,0,0,0,0,0,2315418
40,GF2_PMS2__20160510_L1A0001573999-MSS2_label_3_1.tif,0,0,0,0,0,0,1060207,0,0,0,0,0,0,0,0,1999793
40,GF2_PMS2__20160510_L1A0001573999-MSS2_label_3_1.tif,0,0,0,0,0,0,1060207,0,0,0,0,0,0,0,0,1999793
41,GF2_PMS1__20160327_L1A0001491417-MSS1_label_2_3.tif,0,0,382545,0,0,0,0,0,0,0,57473,0,0,0,0,2619982
42,GF2_PMS1__20150902_L1A0001015649-MSS1_label_0_2.tif,468063,1811253,0,0,0,0,0,0,0,0,0,0,34113,0,8313,738258
43,GF2_PMS1__20151203_L1A0001217916-MSS1_label_1_1.tif,0,0,0,0,0,0,0,0,269950,1822559,0,268133,13295,0,0,686063
43,GF2_PMS1__20151203_L1A0001217916-MSS1_label_1_1.tif,0,0,0,0,0,0,0,0,269950,1822559,0,268133,13295,0,0,686063
44,GF2_PMS2__20150217_L1A0000658637-MSS2_label_3_0.tif,58568,2731656,0,0,0,0,0,0,0,0,0,0,0,0,0,269776
45,GF2_PMS1__20160816_L1A0001765570-MSS1_label_3_1.tif,0,0,1544966,0,0,0,32443,0,0,0,37915,0,11132,0,0,1433544
46,GF2_PMS1__20150212_L1A0000647768-MSS1_label_1_3.tif,0,318353,0,0,91936,0,0,0,243972,130214,14923,54841,0,0,0,2205761
46,GF2_PMS1__20150212_L1A0000647768-MSS1_label_1_3.tif,0,318353,0,0,91936,0,0,0,243972,130214,14923,54841,0,0,0,2205761
47,GF2_PMS1__20160816_L1A0001765570-MSS1_label_2_1.tif,0,0,2378939,0,0,0,0,0,0,0,5126,0,0,0,0,675935
48,GF2_PMS2__20150217_L1A0000658637-MSS2_label_1_3.tif,0,1136745,0,0,0,0,0,0,0,7217,46201,0,117887,0,230200,1521750
48,GF2_PMS2__20150217_L1A0000658637-MSS2_label_1_3.tif,0,1136745,0,0,0,0,0,0,0,7217,46201,0,117887,0,230200,1521750
48,GF2_PMS2__20150217_L1A0000658637-MSS2_label_1_3.tif,0,1136745,0,0,0,0,0,0,0,7217,46201,0,117887,0,230200,1521750
49,GF2_PMS1__20150212_L1A0000647768-MSS1_label_2_0.tif,0,1759358,0,0,53799,0,0,0,0,55868,177626,0,0,0,36102,977247
49,GF2_PMS1__20150212_L1A0000647768-MSS1_label_2_0.tif,0,1759358,0,0,53799,0,0,0,0,55868,177626,0,0,0,36102,977247
50,GF2_PMS2__20150217_L1A0000658637-MSS2_label_1_2.tif,0,1289245,0,0,0,0,0,0,0,147709,63884,0,367658,0,0,1191504
51,GF2_PMS1__20150212_L1A0000647768-MSS1_label_2_3.tif,0,720614,0,0,77200,0,0,0,185577,77306,91449,0,0,310342,1,1597511
51,GF2_PMS1__20150212_L1A0000647768-MSS1_label_2_3.tif,0,720614,0,0,77200,0,0,0,185577,77306,91449,0,0,310342,1,1597511
52,GF2_PMS1__20160827_L1A0001793003-MSS1_label_3_1.tif,0,0,0,0,0,6658,0,0,0,1648052,0,131700,25350,0,52172,1196068
52,GF2_PMS1__20160827_L1A0001793003-MSS1_label_3_1.tif,0,0,0,0,0,6658,0,0,0,1648052,0,131700,25350,0,52172,1196068
52,GF2_PMS1__20160827_L1A0001793003-MSS1_label_3_1.tif,0,0,0,0,0,6658,0,0,0,1648052,0,131700,25350,0,52172,1196068
52,GF2_PMS1__20160827_L1A0001793003-MSS1_label_3_1.tif,0,0,0,0,0,6658,0,0,0,1648052,0,131700,25350,0,52172,1196068
52,GF2_PMS1__20160827_L1A0001793003-MSS1_label_3_1.tif,0,0,0,0,0,6658,0,0,0,1648052,0,131700,25350,0,52172,1196068
52,GF2_PMS1__20160827_L1A0001793003-MSS1_label_3_1.tif,0,0,0,0,0,6658,0,0,0,1648052,0,131700,25350,0,52172,1196068
52,GF2_PMS1__20160827_L1A0001793003-MSS1_label_3_1.tif,0,0,0,0,0,6658,0,0,0,1648052,0,131700,25350,0,52172,1196068
52,GF2_PMS1__20160827_L1A0001793003-MSS1_label_3_1.tif,0,0,0,0,0,6658,0,0,0,1648052,0,131700,25350,0,52172,1196068
52,GF2_PMS1__20160827_L1A0001793003-MSS1_label_3_1.tif,0,0,0,0,0,6658,0,0,0,1648052,0,131700,25350,0,52172,1196068
52,GF2_PMS1__20160827_L1A0001793003-MSS1_label_3_1.tif,0,0,0,0,0,6658,0,0,0,1648052,0,131700,25350,0,52172,1196068
52,GF2_PMS1__20160827_L1A0001793003-MSS1_label_3_1.tif,0,0,0,0,0,6658,0,0,0,1648052,0,131700,25350,0,52172,1196068
52,GF2_PMS1__20160827_L1A0001793003-MSS1_label_3_1.tif,0,0,0,0,0,6658,0,0,0,1648052,0,131700,25350,0,52172,1196068
52,GF2_PMS1__20160827_L1A0001793003-MSS1_label_3_1.tif,0,0,0,0,0,6658,0,0,0,1648052,0,131700,25350,0,52172,1196068
52,GF2_PMS1__20160827_L1A0001793003-MSS1_label_3_1.tif,0,0,0,0,0,6658,0,0,0,1648052,0,131700,25350,0,52172,1196068
52,GF2_PMS1__20160827_L1A0001793003-MSS1_label_3_1.tif,0,0,0,0,0,6658,0,0,0,1648052,0,131700,25350,0,52172,1196068
52,GF2_PMS1__20160827_L1A0001793003-MSS1_label_3_1.tif,0,0,0,0,0,6658,0,0,0,1648052,0,131700,25350,0,52172,1196068
53,GF2_PMS1__20160816_L1A0001765570-MSS1_label_3_2.tif,0,0,2491173,0,0,0,11812,0,0,0,116212,0,0,0,0,440803
54,GF2_PMS1__20150902_L1A0001015649-MSS1_label_2_0.tif,1729473,967020,0,0,0,0,0,0,0,0,0,0,0,0,0,363507
55,GF2_PMS1__20160816_L1A0001765570-MSS1_label_0_1.tif,0,0,2238613,100609,0,0,0,0,0,0,0,0,0,0,0,720778
56,GF2_PMS1__20160827_L1A0001793003-MSS1_label_3_0.tif,0,0,0,0,0,0,0,0,83306,2063509,222,218426,24350,0,57275,612912
56,GF2_PMS1__20160827_L1A0001793003-MSS1_label_3_0.tif,0,0,0,0,0,0,0,0,83306,2063509,222,218426,24350,0,57275,612912
56,GF2_PMS1__20160827_L1A0001793003-MSS1_label_3_0.tif,0,0,0,0,0,0,0,0,83306,2063509,222,218426,24350,0,57275,612912
56,GF2_PMS1__20160827_L1A0001793003-MSS1_label_3_0.tif,0,0,0,0,0,0,0,0,83306,2063509,222,218426,24350,0,57275,612912
57,GF2_PMS1__20160816_L1A0001765570-MSS1_label_1_1.tif,0,0,2680173,0,0,0,0,0,0,0,25566,0,0,0,0,354261
58,GF2_PMS2__20150217_L1A0000658637-MSS2_label_2_0.tif,0,1982904,0,0,0,0,0,0,10515,19790,12923,0,144265,0,0,889603
59,GF2_PMS2__20160510_L1A0001573999-MSS2_label_2_1.tif,0,0,0,0,0,0,1368124,0,0,0,0,0,0,0,0,1691876
59,GF2_PMS2__20160510_L1A0001573999-MSS2_label_2_1.tif,0,0,0,0,0,0,1368124,0,0,0,0,0,0,0,0,1691876
60,GF2_PMS1__20160827_L1A0001793003-MSS1_label_0_0.tif,0,0,292948,195316,0,0,0,321962,0,335333,416673,0,520,0,21,1497227
60,GF2_PMS1__20160827_L1A0001793003-MSS1_label_0_0.tif,0,0,292948,195316,0,0,0,321962,0,335333,416673,0,520,0,21,1497227
61,GF2_PMS1__20160421_L1A0001537716-MSS1_label_2_3.tif,0,0,317022,0,0,0,0,0,109428,652869,0,0,201194,0,46325,1733162
61,GF2_PMS1__20160421_L1A0001537716-MSS1_label_2_3.tif,0,0,317022,0,0,0,0,0,109428,652869,0,0,201194,0,46325,1733162
62,GF2_PMS1__20160327_L1A0001491417-MSS1_label_2_1.tif,0,0,1554115,0,0,52640,0,0,0,0,115597,0,0,237320,0,1100328
62,GF2_PMS1__20160327_L1A0001491417-MSS1_label_2_1.tif,0,0,1554115,0,0,52640,0,0,0,0,115597,0,0,237320,0,1100328
62,GF2_PMS1__20160327_L1A0001491417-MSS1_label_2_1.tif,0,0,1554115,0,0,52640,0,0,0,0,115597,0,0,237320,0,1100328
62,GF2_PMS1__20160327_L1A0001491417-MSS1_label_2_1.tif,0,0,1554115,0,0,52640,0,0,0,0,115597,0,0,237320,0,1100328
62,GF2_PMS1__20160327_L1A0001491417-MSS1_label_2_1.tif,0,0,1554115,0,0,52640,0,0,0,0,115597,0,0,237320,0,1100328
62,GF2_PMS1__20160327_L1A0001491417-MSS1_label_2_1.tif,0,0,1554115,0,0,52640,0,0,0,0,115597,0,0,237320,0,1100328
62,GF2_PMS1__20160327_L1A0001491417-MSS1_label_2_1.tif,0,0,1554115,0,0,52640,0,0,0,0,115597,0,0,237320,0,1100328
62,GF2_PMS1__20160327_L1A0001491417-MSS1_label_2_1.tif,0,0,1554115,0,0,52640,0,0,0,0,115597,0,0,237320,0,1100328
62,GF2_PMS1__20160327_L1A0001491417-MSS1_label_2_1.tif,0,0,1554115,0,0,52640,0,0,0,0,115597,0,0,237320,0,1100328
62,GF2_PMS1__20160327_L1A0001491417-MSS1_label_2_1.tif,0,0,1554115,0,0,52640,0,0,0,0,115597,0,0,237320,0,1100328
62,GF2_PMS1__20160327_L1A0001491417-MSS1_label_2_1.tif,0,0,1554115,0,0,52640,0,0,0,0,115597,0,0,237320,0,1100328
62,GF2_PMS1__20160327_L1A0001491417-MSS1_label_2_1.tif,0,0,1554115,0,0,52640,0,0,0,0,115597,0,0,237320,0,1100328
62,GF2_PMS1__20160327_L1A0001491417-MSS1_label_2_1.tif,0,0,1554115,0,0,52640,0,0,0,0,115597,0,0,237320,0,1100328
62,GF2_PMS1__20160327_L1A0001491417-MSS1_label_2_1.tif,0,0,1554115,0,0,52640,0,0,0,0,115597,0,0,237320,0,1100328
62,GF2_PMS1__20160327_L1A0001491417-MSS1_label_2_1.tif,0,0,1554115,0,0,52640,0,0,0,0,115597,0,0,237320,0,1100328
62,GF2_PMS1__20160327_L1A0001491417-MSS1_label_2_1.tif,0,0,1554115,0,0,52640,0,0,0,0,115597,0,0,237320,0,1100328
63,GF2_PMS1__20160816_L1A0001765570-MSS1_label_0_0.tif,0,0,2452174,0,0,0,0,0,0,0,12142,0,0,0,0,595684
64,GF2_PMS1__20160827_L1A0001793003-MSS1_label_2_2.tif,0,0,10958,50710,0,0,0,231022,0,1008547,57177,95630,18977,0,10733,1576246
64,GF2_PMS1__20160827_L1A0001793003-MSS1_label_2_2.tif,0,0,10958,50710,0,0,0,231022,0,1008547,57177,95630,18977,0,10733,1576246
64,GF2_PMS1__20160827_L1A0001793003-MSS1_label_2_2.tif,0,0,10958,50710,0,0,0,231022,0,1008547,57177,95630,18977,0,10733,1576246
64,GF2_PMS1__20160827_L1A0001793003-MSS1_label_2_2.tif,0,0,10958,50710,0,0,0,231022,0,1008547,57177,95630,18977,0,10733,1576246
64,GF2_PMS1__20160827_L1A0001793003-MSS1_label_2_2.tif,0,0,10958,50710,0,0,0,231022,0,1008547,57177,95630,18977,0,10733,1576246
64,GF2_PMS1__20160827_L1A0001793003-MSS1_label_2_2.tif,0,0,10958,50710,0,0,0,231022,0,1008547,57177,95630,18977,0,10733,1576246
64,GF2_PMS1__20160827_L1A0001793003-MSS1_label_2_2.tif,0,0,10958,50710,0,0,0,231022,0,1008547,57177,95630,18977,0,10733,1576246
64,GF2_PMS1__20160827_L1A0001793003-MSS1_label_2_2.tif,0,0,10958,50710,0,0,0,231022,0,1008547,57177,95630,18977,0,10733,1576246
65,GF2_PMS1__20160816_L1A0001765570-MSS1_label_0_3.tif,0,0,1767536,0,0,0,40590,0,0,0,84973,0,0,0,320,1166581
66,GF2_PMS2__20160510_L1A0001573999-MSS2_label_0_3.tif,0,0,0,0,0,0,658031,0,0,0,0,0,0,0,0,2401969
66,GF2_PMS2__20160510_L1A0001573999-MSS2_label_0_3.tif,0,0,0,0,0,0,658031,0,0,0,0,0,0,0,0,2401969
67,GF2_PMS1__20150212_L1A0000647768-MSS1_label_3_3.tif,0,925846,0,0,161054,0,0,0,0,0,36666,0,47433,413016,41975,1434010
67,GF2_PMS1__20150212_L1A0000647768-MSS1_label_3_3.tif,0,925846,0,0,161054,0,0,0,0,0,36666,0,47433,413016,41975,1434010
67,GF2_PMS1__20150212_L1A0000647768-MSS1_label_3_3.tif,0,925846,0,0,161054,0,0,0,0,0,36666,0,47433,413016,41975,1434010
67,GF2_PMS1__20150212_L1A0000647768-MSS1_label_3_3.tif,0,925846,0,0,161054,0,0,0,0,0,36666,0,47433,413016,41975,1434010
68,GF2_PMS1__20160421_L1A0001537716-MSS1_label_1_3.tif,0,0,1039236,0,0,0,0,0,0,863398,0,1893,0,0,7640,1147833
68,GF2_PMS1__20160421_L1A0001537716-MSS1_label_1_3.tif,0,0,1039236,0,0,0,0,0,0,863398,0,1893,0,0,7640,1147833
69,GF2_PMS1__20150902_L1A0001015649-MSS1_label_2_3.tif,881272,1576282,0,0,0,0,0,0,0,0,34561,0,50038,0,0,517847
70,GF2_PMS2__20160225_L1A0001433318-MSS2_label_2_3.tif,0,908585,0,0,0,0,0,0,0,0,0,0,305674,0,0,1845741
71,GF2_PMS2__20160510_L1A0001573999-MSS2_label_0_1.tif,0,0,0,0,0,0,701951,0,0,0,0,0,0,0,0,2358049
71,GF2_PMS2__20160510_L1A0001573999-MSS2_label_0_1.tif,0,0,0,0,0,0,701951,0,0,0,0,0,0,0,0,2358049
72,GF2_PMS1__20151203_L1A0001217916-MSS1_label_0_2.tif,0,0,0,0,0,0,0,0,453279,1008850,0,51572,275110,0,0,1271189
72,GF2_PMS1__20151203_L1A0001217916-MSS1_label_0_2.tif,0,0,0,0,0,0,0,0,453279,1008850,0,51572,275110,0,0,1271189
73,GF2_PMS1__20160421_L1A0001537716-MSS1_label_0_2.tif,0,0,192865,0,0,0,0,0,76169,1225650,0,123191,110557,0,6791,1324777
73,GF2_PMS1__20160421_L1A0001537716-MSS1_label_0_2.tif,0,0,192865,0,0,0,0,0,76169,1225650,0,123191,110557,0,6791,1324777
74,GF2_PMS1__20151203_L1A0001217916-MSS1_label_1_3.tif,0,0,0,0,0,0,0,0,373163,1934805,0,70726,357277,0,0,324029
74,GF2_PMS1__20151203_L1A0001217916-MSS1_label_1_3.tif,0,0,0,0,0,0,0,0,373163,1934805,0,70726,357277,0,0,324029
75,GF2_PMS1__20150902_L1A0001015649-MSS1_label_1_3.tif,0,539130,0,0,0,0,0,0,0,0,0,0,15598,0,836997,1668275
75,GF2_PMS1__20150902_L1A0001015649-MSS1_label_1_3.tif,0,539130,0,0,0,0,0,0,0,0,0,0,15598,0,836997,1668275
75,GF2_PMS1__20150902_L1A0001015649-MSS1_label_1_3.tif,0,539130,0,0,0,0,0,0,0,0,0,0,15598,0,836997,1668275
75,GF2_PMS1__20150902_L1A0001015649-MSS1_label_1_3.tif,0,539130,0,0,0,0,0,0,0,0,0,0,15598,0,836997,1668275
76,GF2_PMS1__20151203_L1A0001217916-MSS1_label_2_1.tif,0,0,0,0,0,0,0,0,57955,2533543,0,114427,18435,0,0,335640
76,GF2_PMS1__20151203_L1A0001217916-MSS1_label_2_1.tif,0,0,0,0,0,0,0,0,57955,2533543,0,114427,18435,0,0,335640
77,GF2_PMS2__20150217_L1A0000658637-MSS2_label_1_1.tif,195343,1255771,0,0,0,0,0,0,23333,226679,24616,0,119120,0,0,1215138
78,GF2_PMS1__20150902_L1A0001015649-MSS1_label_1_2.tif,818771,1798797,0,0,0,0,0,0,0,0,0,0,0,0,0,442432
79,GF2_PMS1__20160827_L1A0001793003-MSS1_label_3_3.tif,0,0,0,0,0,0,0,124236,46899,1472104,14613,169221,0,0,34,1232893
79,GF2_PMS1__20160827_L1A0001793003-MSS1_label_3_3.tif,0,0,0,0,0,0,0,124236,46899,1472104,14613,169221,0,0,34,1232893
79,GF2_PMS1__20160827_L1A0001793003-MSS1_label_3_3.tif,0,0,0,0,0,0,0,124236,46899,1472104,14613,169221,0,0,34,1232893
79,GF2_PMS1__20160827_L1A0001793003-MSS1_label_3_3.tif,0,0,0,0,0,0,0,124236,46899,1472104,14613,169221,0,0,34,1232893
80,GF2_PMS1__20160421_L1A0001537716-MSS1_label_3_1.tif,0,0,45217,0,0,0,0,0,80153,636349,0,28632,31576,0,15929,2222144
80,GF2_PMS1__20160421_L1A0001537716-MSS1_label_3_1.tif,0,0,45217,0,0,0,0,0,80153,636349,0,28632,31576,0,15929,2222144
80,GF2_PMS1__20160421_L1A0001537716-MSS1_label_3_1.tif,0,0,45217,0,0,0,0,0,80153,636349,0,28632,31576,0,15929,2222144
80,GF2_PMS1__20160421_L1A0001537716-MSS1_label_3_1.tif,0,0,45217,0,0,0,0,0,80153,636349,0,28632,31576,0,15929,2222144
81,GF2_PMS2__20150217_L1A0000658637-MSS2_label_2_2.tif,0,587570,0,0,0,0,0,0,84785,463736,0,27110,180744,0,68124,1647931
81,GF2_PMS2__20150217_L1A0000658637-MSS2_label_2_2.tif,0,587570,0,0,0,0,0,0,84785,463736,0,27110,180744,0,68124,1647931
81,GF2_PMS2__20150217_L1A0000658637-MSS2_label_2_2.tif,0,587570,0,0,0,0,0,0,84785,463736,0,27110,180744,0,68124,1647931
81,GF2_PMS2__20150217_L1A0000658637-MSS2_label_2_2.tif,0,587570,0,0,0,0,0,0,84785,463736,0,27110,180744,0,68124,1647931
82,GF2_PMS1__20160421_L1A0001537716-MSS1_label_0_0.tif,0,0,76736,0,0,0,0,0,157765,489166,0,0,87935,0,13571,2234827
82,GF2_PMS1__20160421_L1A0001537716-MSS1_label_0_0.tif,0,0,76736,0,0,0,0,0,157765,489166,0,0,87935,0,13571,2234827
83,GF2_PMS1__20150902_L1A0001015649-MSS1_label_1_1.tif,1321598,1135890,0,0,0,0,0,0,0,99350,31857,0,0,0,5039,466266
84,GF2_PMS2__20160225_L1A0001433318-MSS2_label_3_0.tif,0,1179315,0,358915,0,0,0,0,0,0,0,0,0,0,0,1521770
85,GF2_PMS1__20160816_L1A0001765570-MSS1_label_2_0.tif,0,0,2399861,0,0,0,0,0,0,0,89905,0,8753,0,0,561481
86,GF2_PMS2__20160225_L1A0001433318-MSS2_label_0_1.tif,0,996204,0,435947,0,0,0,0,0,0,0,51551,0,0,0,1576298
86,GF2_PMS2__20160225_L1A0001433318-MSS2_label_0_1.tif,0,996204,0,435947,0,0,0,0,0,0,0,51551,0,0,0,1576298
87,GF2_PMS2__20160225_L1A0001433318-MSS2_label_0_0.tif,0,31196,0,352731,1039344,298480,0,0,0,0,0,0,0,0,0,1338249
87,GF2_PMS2__20160225_L1A0001433318-MSS2_label_0_0.tif,0,31196,0,352731,1039344,298480,0,0,0,0,0,0,0,0,0,1338249
87,GF2_PMS2__20160225_L1A0001433318-MSS2_label_0_0.tif,0,31196,0,352731,1039344,298480,0,0,0,0,0,0,0,0,0,1338249
87,GF2_PMS2__20160225_L1A0001433318-MSS2_label_0_0.tif,0,31196,0,352731,1039344,298480,0,0,0,0,0,0,0,0,0,1338249
87,GF2_PMS2__20160225_L1A0001433318-MSS2_label_0_0.tif,0,31196,0,352731,1039344,298480,0,0,0,0,0,0,0,0,0,1338249
87,GF2_PMS2__20160225_L1A0001433318-MSS2_label_0_0.tif,0,31196,0,352731,1039344,298480,0,0,0,0,0,0,0,0,0,1338249
87,GF2_PMS2__20160225_L1A0001433318-MSS2_label_0_0.tif,0,31196,0,352731,1039344,298480,0,0,0,0,0,0,0,0,0,1338249
87,GF2_PMS2__20160225_L1A0001433318-MSS2_label_0_0.tif,0,31196,0,352731,1039344,298480,0,0,0,0,0,0,0,0,0,1338249
87,GF2_PMS2__20160225_L1A0001433318-MSS2_label_0_0.tif,0,31196,0,352731,1039344,298480,0,0,0,0,0,0,0,0,0,1338249
88,GF2_PMS2__20150217_L1A0000658637-MSS2_label_0_3.tif,57654,1166499,0,0,0,0,0,0,353373,113133,84934,18340,192263,0,0,1073804
88,GF2_PMS2__20150217_L1A0000658637-MSS2_label_0_3.tif,57654,1166499,0,0,0,0,0,0,353373,113133,84934,18340,192263,0,0,1073804
89,GF2_PMS1__20160827_L1A0001793003-MSS1_label_1_0.tif,0,0,15156,0,0,0,0,203812,8226,743460,163976,70209,39084,0,128761,1687316
89,GF2_PMS1__20160827_L1A0001793003-MSS1_label_1_0.tif,0,0,15156,0,0,0,0,203812,8226,743460,163976,70209,39084,0,128761,1687316
89,GF2_PMS1__20160827_L1A0001793003-MSS1_label_1_0.tif,0,0,15156,0,0,0,0,203812,8226,743460,163976,70209,39084,0,128761,1687316
89,GF2_PMS1__20160827_L1A0001793003-MSS1_label_1_0.tif,0,0,15156,0,0,0,0,203812,8226,743460,163976,70209,39084,0,128761,1687316
89,GF2_PMS1__20160827_L1A0001793003-MSS1_label_1_0.tif,0,0,15156,0,0,0,0,203812,8226,743460,163976,70209,39084,0,128761,1687316
89,GF2_PMS1__20160827_L1A0001793003-MSS1_label_1_0.tif,0,0,15156,0,0,0,0,203812,8226,743460,163976,70209,39084,0,128761,1687316
89,GF2_PMS1__20160827_L1A0001793003-MSS1_label_1_0.tif,0,0,15156,0,0,0,0,203812,8226,743460,163976,70209,39084,0,128761,1687316
89,GF2_PMS1__20160827_L1A0001793003-MSS1_label_1_0.tif,0,0,15156,0,0,0,0,203812,8226,743460,163976,70209,39084,0,128761,1687316
89,GF2_PMS1__20160827_L1A0001793003-MSS1_label_1_0.tif,0,0,15156,0,0,0,0,203812,8226,743460,163976,70209,39084,0,128761,1687316
89,GF2_PMS1__20160827_L1A0001793003-MSS1_label_1_0.tif,0,0,15156,0,0,0,0,203812,8226,743460,163976,70209,39084,0,128761,1687316
89,GF2_PMS1__20160827_L1A0001793003-MSS1_label_1_0.tif,0,0,15156,0,0,0,0,203812,8226,743460,163976,70209,39084,0,128761,1687316
89,GF2_PMS1__20160827_L1A0001793003-MSS1_label_1_0.tif,0,0,15156,0,0,0,0,203812,8226,743460,163976,70209,39084,0,128761,1687316
90,GF2_PMS1__20160327_L1A0001491417-MSS1_label_3_2.tif,0,0,426943,44666,0,0,0,0,167677,78600,174302,42788,0,0,0,2125024
90,GF2_PMS1__20160327_L1A0001491417-MSS1_label_3_2.tif,0,0,426943,44666,0,0,0,0,167677,78600,174302,42788,0,0,0,2125024
91,GF2_PMS1__20160827_L1A0001793003-MSS1_label_2_3.tif,0,0,6721,0,0,7888,0,419305,47160,841815,270002,25,32263,0,12506,1422315
91,GF2_PMS1__20160827_L1A0001793003-MSS1_label_2_3.tif,0,0,6721,0,0,7888,0,419305,47160,841815,270002,25,32263,0,12506,1422315
91,GF2_PMS1__20160827_L1A0001793003-MSS1_label_2_3.tif,0,0,6721,0,0,7888,0,419305,47160,841815,270002,25,32263,0,12506,1422315
91,GF2_PMS1__20160827_L1A0001793003-MSS1_label_2_3.tif,0,0,6721,0,0,7888,0,419305,47160,841815,270002,25,32263,0,12506,1422315
91,GF2_PMS1__20160827_L1A0001793003-MSS1_label_2_3.tif,0,0,6721,0,0,7888,0,419305,47160,841815,270002,25,32263,0,12506,1422315
91,GF2_PMS1__20160827_L1A0001793003-MSS1_label_2_3.tif,0,0,6721,0,0,7888,0,419305,47160,841815,270002,25,32263,0,12506,1422315
91,GF2_PMS1__20160827_L1A0001793003-MSS1_label_2_3.tif,0,0,6721,0,0,7888,0,419305,47160,841815,270002,25,32263,0,12506,1422315
91,GF2_PMS1__20160827_L1A0001793003-MSS1_label_2_3.tif,0,0,6721,0,0,7888,0,419305,47160,841815,270002,25,32263,0,12506,1422315
91,GF2_PMS1__20160827_L1A0001793003-MSS1_label_2_3.tif,0,0,6721,0,0,7888,0,419305,47160,841815,270002,25,32263,0,12506,1422315
91,GF2_PMS1__20160827_L1A0001793003-MSS1_label_2_3.tif,0,0,6721,0,0,7888,0,419305,47160,841815,270002,25,32263,0,12506,1422315
91,GF2_PMS1__20160827_L1A0001793003-MSS1_label_2_3.tif,0,0,6721,0,0,7888,0,419305,47160,841815,270002,25,32263,0,12506,1422315
91,GF2_PMS1__20160827_L1A0001793003-MSS1_label_2_3.tif,0,0,6721,0,0,7888,0,419305,47160,841815,270002,25,32263,0,12506,1422315
91,GF2_PMS1__20160827_L1A0001793003-MSS1_label_2_3.tif,0,0,6721,0,0,7888,0,419305,47160,841815,270002,25,32263,0,12506,1422315
91,GF2_PMS1__20160827_L1A0001793003-MSS1_label_2_3.tif,0,0,6721,0,0,7888,0,419305,47160,841815,270002,25,32263,0,12506,1422315
91,GF2_PMS1__20160827_L1A0001793003-MSS1_label_2_3.tif,0,0,6721,0,0,7888,0,419305,47160,841815,270002,25,32263,0,12506,1422315
91,GF2_PMS1__20160827_L1A0001793003-MSS1_label_2_3.tif,0,0,6721,0,0,7888,0,419305,47160,841815,270002,25,32263,0,12506,1422315
92,GF2_PMS1__20160421_L1A0001537716-MSS1_label_1_2.tif,0,0,383961,0,0,0,0,0,0,770924,0,18399,158894,0,0,1727822
92,GF2_PMS1__20160421_L1A0001537716-MSS1_label_1_2.tif,0,0,383961,0,0,0,0,0,0,770924,0,18399,158894,0,0,1727822
93,GF2_PMS2__20160510_L1A0001573999-MSS2_label_1_0.tif,0,0,0,0,0,0,59017,0,0,0,0,0,0,0,0,3000983
94,GF2_PMS2__20160225_L1A0001433318-MSS2_label_1_2.tif,0,1348606,0,0,0,0,0,0,0,0,330861,0,0,0,0,1380533
95,GF2_PMS1__20160827_L1A0001793003-MSS1_label_0_2.tif,0,0,87861,455897,0,0,0,40842,0,39965,498349,0,1865,0,8913,1926308
95,GF2_PMS1__20160827_L1A0001793003-MSS1_label_0_2.tif,0,0,87861,455897,0,0,0,40842,0,39965,498349,0,1865,0,8913,1926308
96,GF2_PMS1__20160421_L1A0001537716-MSS1_label_0_3.tif,0,0,497983,0,0,0,0,0,121607,1384759,0,18137,3138,0,0,1034376
96,GF2_PMS1__20160421_L1A0001537716-MSS1_label_0_3.tif,0,0,497983,0,0,0,0,0,121607,1384759,0,18137,3138,0,0,1034376
97,GF2_PMS2__20160225_L1A0001433318-MSS2_label_0_3.tif,0,1211399,0,0,0,0,0,0,0,0,0,0,284069,0,0,1564532
98,GF2_PMS1__20160421_L1A0001537716-MSS1_label_3_0.tif,0,0,53580,0,0,0,0,0,428629,894692,0,0,13656,0,0,1669443
99,GF2_PMS1__20160327_L1A0001491417-MSS1_label_0_0.tif,0,0,0,0,0,0,0,0,0,0,0,0,0,0,0,3060000
100,GF2_PMS1__20160827_L1A0001793003-MSS1_label_0_1.tif,0,0,19752,351201,0,0,0,91432,60590,363124,450440,0,85148,0,12230,1626083
100,GF2_PMS1__20160827_L1A0001793003-MSS1_label_0_1.tif,0,0,19752,351201,0,0,0,91432,60590,363124,450440,0,85148,0,12230,1626083
100,GF2_PMS1__20160827_L1A0001793003-MSS1_label_0_1.tif,0,0,19752,351201,0,0,0,91432,60590,363124,450440,0,85148,0,12230,1626083
100,GF2_PMS1__20160827_L1A0001793003-MSS1_label_0_1.tif,0,0,19752,351201,0,0,0,91432,60590,363124,450440,0,85148,0,12230,1626083
101,GF2_PMS1__20150212_L1A0000647768-MSS1_label_1_0.tif,0,1164389,0,0,301491,0,0,0,0,0,149557,0,263417,0,3765,1177381
102,GF2_PMS1__20150212_L1A0000647768-MSS1_label_3_2.tif,0,942942,0,21994,60956,0,0,0,0,0,39251,0,23293,23427,143995,1804142
102,GF2_PMS1__20150212_L1A0000647768-MSS1_label_3_2.tif,0,942942,0,21994,60956,0,0,0,0,0,39251,0,23293,23427,143995,1804142
102,GF2_PMS1__20150212_L1A0000647768-MSS1_label_3_2.tif,0,942942,0,21994,60956,0,0,0,0,0,39251,0,23293,23427,143995,1804142
103,GF2_PMS1__20150902_L1A0001015649-MSS1_label_1_0.tif,1255450,1321501,0,0,0,0,0,0,0,0,72245,0,11494,0,0,399310
104,GF2_PMS1__20160327_L1A0001491417-MSS1_label_3_1.tif,0,0,1773931,0,0,0,0,0,0,112632,152294,0,0,0,0,1021143
105,GF2_PMS1__20160421_L1A0001537716-MSS1_label_1_1.tif,0,0,13476,0,0,0,0,0,0,1003937,0,0,124639,0,0,1917948
106,GF2_PMS2__20160225_L1A0001433318-MSS2_label_1_1.tif,0,968146,0,0,0,0,0,0,0,0,6332,0,0,0,0,2085522
107,GF2_PMS2__20150217_L1A0000658637-MSS2_label_0_0.tif,2696228,29675,0,0,0,0,0,0,0,0,0,0,0,0,149773,184324
107,GF2_PMS2__20150217_L1A0000658637-MSS2_label_0_0.tif,2696228,29675,0,0,0,0,0,0,0,0,0,0,0,0,149773,184324
107,GF2_PMS2__20150217_L1A0000658637-MSS2_label_0_0.tif,2696228,29675,0,0,0,0,0,0,0,0,0,0,0,0,149773,184324
108,GF2_PMS1__20150212_L1A0000647768-MSS1_label_2_2.tif,0,1195419,0,0,65202,0,0,0,17877,6600,157128,0,0,590414,30216,997144
108,GF2_PMS1__20150212_L1A0000647768-MSS1_label_2_2.tif,0,1195419,0,0,65202,0,0,0,17877,6600,157128,0,0,590414,30216,997144
108,GF2_PMS1__20150212_L1A0000647768-MSS1_label_2_2.tif,0,1195419,0,0,65202,0,0,0,17877,6600,157128,0,0,590414,30216,997144
108,GF2_PMS1__20150212_L1A0000647768-MSS1_label_2_2.tif,0,1195419,0,0,65202,0,0,0,17877,6600,157128,0,0,590414,30216,997144
109,GF2_PMS1__20160421_L1A0001537716-MSS1_label_2_1.tif,0,0,0,0,0,0,0,0,0,1697741,0,347442,79340,0,0,935477
109,GF2_PMS1__20160421_L1A0001537716-MSS1_label_2_1.tif,0,0,0,0,0,0,0,0,0,1697741,0,347442,79340,0,0,935477
110,GF2_PMS2__20160510_L1A0001573999-MSS2_label_1_1.tif,0,0,0,0,0,0,1187487,0,0,0,0,0,0,0,0,1872513
110,GF2_PMS2__20160510_L1A0001573999-MSS2_label_1_1.tif,0,0,0,0,0,0,1187487,0,0,0,0,0,0,0,0,1872513
111,GF2_PMS1__20150902_L1A0001015649-MSS1_label_2_2.tif,935962,1650695,0,0,0,0,0,0,0,0,0,0,42765,0,0,430578
112,GF2_PMS1__20150902_L1A0001015649-MSS1_label_2_1.tif,976413,1643464,0,0,0,0,0,0,0,0,3580,0,0,0,0,436543
113,GF2_PMS1__20150212_L1A0000647768-MSS1_label_3_0.tif,0,2390209,0,58738,0,0,0,0,0,0,35855,0,0,0,0,575198
114,GF2_PMS1__20160827_L1A0001793003-MSS1_label_1_1.tif,0,0,22021,125262,0,0,0,277707,93016,796912,479390,0,11643,0,14673,1239376
114,GF2_PMS1__20160827_L1A0001793003-MSS1_label_1_1.tif,0,0,22021,125262,0,0,0,277707,93016,796912,479390,0,11643,0,14673,1239376
114,GF2_PMS1__20160827_L1A0001793003-MSS1_label_1_1.tif,0,0,22021,125262,0,0,0,277707,93016,796912,479390,0,11643,0,14673,1239376
114,GF2_PMS1__20160827_L1A0001793003-MSS1_label_1_1.tif,0,0,22021,125262,0,0,0,277707,93016,796912,479390,0,11643,0,14673,1239376
115,GF2_PMS1__20160827_L1A0001793003-MSS1_label_1_2.tif,0,0,0,4780,0,72630,0,164409,0,435927,363240,83716,87551,0,31762,1815985
115,GF2_PMS1__20160827_L1A0001793003-MSS1_label_1_2.tif,0,0,0,4780,0,72630,0,164409,0,435927,363240,83716,87551,0,31762,1815985
115,GF2_PMS1__20160827_L1A0001793003-MSS1_label_1_2.tif,0,0,0,4780,0,72630,0,164409,0,435927,363240,83716,87551,0,31762,1815985
115,GF2_PMS1__20160827_L1A0001793003-MSS1_label_1_2.tif,0,0,0,4780,0,72630,0,164409,0,435927,363240,83716,87551,0,31762,1815985
115,GF2_PMS1__20160827_L1A0001793003-MSS1_label_1_2.tif,0,0,0,4780,0,72630,0,164409,0,435927,363240,83716,87551,0,31762,1815985
115,GF2_PMS1__20160827_L1A0001793003-MSS1_label_1_2.tif,0,0,0,4780,0,72630,0,164409,0,435927,363240,83716,87551,0,31762,1815985
115,GF2_PMS1__20160827_L1A0001793003-MSS1_label_1_2.tif,0,0,0,4780,0,72630,0,164409,0,435927,363240,83716,87551,0,31762,1815985
115,GF2_PMS1__20160827_L1A0001793003-MSS1_label_1_2.tif,0,0,0,4780,0,72630,0,164409,0,435927,363240,83716,87551,0,31762,1815985
115,GF2_PMS1__20160827_L1A0001793003-MSS1_label_1_2.tif,0,0,0,4780,0,72630,0,164409,0,435927,363240,83716,87551,0,31762,1815985
115,GF2_PMS1__20160827_L1A0001793003-MSS1_label_1_2.tif,0,0,0,4780,0,72630,0,164409,0,435927,363240,83716,87551,0,31762,1815985
115,GF2_PMS1__20160827_L1A0001793003-MSS1_label_1_2.tif,0,0,0,4780,0,72630,0,164409,0,435927,363240,83716,87551,0,31762,1815985
115,GF2_PMS1__20160827_L1A0001793003-MSS1_label_1_2.tif,0,0,0,4780,0,72630,0,164409,0,435927,363240,83716,87551,0,31762,1815985
115,GF2_PMS1__20160827_L1A0001793003-MSS1_label_1_2.tif,0,0,0,4780,0,72630,0,164409,0,435927,363240,83716,87551,0,31762,1815985
115,GF2_PMS1__20160827_L1A0001793003-MSS1_label_1_2.tif,0,0,0,4780,0,72630,0,164409,0,435927,363240,83716,87551,0,31762,1815985
115,GF2_PMS1__20160827_L1A0001793003-MSS1_label_1_2.tif,0,0,0,4780,0,72630,0,164409,0,435927,363240,83716,87551,0,31762,1815985
115,GF2_PMS1__20160827_L1A0001793003-MSS1_label_1_2.tif,0,0,0,4780,0,72630,0,164409,0,435927,363240,83716,87551,0,31762,1815985
115,GF2_PMS1__20160827_L1A0001793003-MSS1_label_1_2.tif,0,0,0,4780,0,72630,0,164409,0,435927,363240,83716,87551,0,31762,1815985
115,GF2_PMS1__20160827_L1A0001793003-MSS1_label_1_2.tif,0,0,0,4780,0,72630,0,164409,0,435927,363240,83716,87551,0,31762,1815985
115,GF2_PMS1__20160827_L1A0001793003-MSS1_label_1_2.tif,0,0,0,4780,0,72630,0,164409,0,435927,363240,83716,87551,0,31762,1815985
115,GF2_PMS1__20160827_L1A0001793003-MSS1_label_1_2.tif,0,0,0,4780,0,72630,0,164409,0,435927,363240,83716,87551,0,31762,1815985
115,GF2_PMS1__20160827_L1A0001793003-MSS1_label_1_2.tif,0,0,0,4780,0,72630,0,164409,0,435927,363240,83716,87551,0,31762,1815985
115,GF2_PMS1__20160827_L1A0001793003-MSS1_label_1_2.tif,0,0,0,4780,0,72630,0,164409,0,435927,363240,83716,87551,0,31762,1815985
115,GF2_PMS1__20160827_L1A0001793003-MSS1_label_1_2.tif,0,0,0,4780,0,72630,0,164409,0,435927,363240,83716,87551,0,31762,1815985
115,GF2_PMS1__20160827_L1A0001793003-MSS1_label_1_2.tif,0,0,0,4780,0,72630,0,164409,0,435927,363240,83716,87551,0,31762,1815985
115,GF2_PMS1__20160827_L1A0001793003-MSS1_label_1_2.tif,0,0,0,4780,0,72630,0,164409,0,435927,363240,83716,87551,0,31762,1815985
115,GF2_PMS1__20160827_L1A0001793003-MSS1_label_1_2.tif,0,0,0,4780,0,72630,0,164409,0,435927,363240,83716,87551,0,31762,1815985
115,GF2_PMS1__20160827_L1A0001793003-MSS1_label_1_2.tif,0,0,0,4780,0,72630,0,164409,0,435927,363240,83716,87551,0,31762,1815985
115,GF2_PMS1__20160827_L1A0001793003-MSS1_label_1_2.tif,0,0,0,4780,0,72630,0,164409,0,435927,363240,83716,87551,0,31762,1815985
115,GF2_PMS1__20160827_L1A0001793003-MSS1_label_1_2.tif,0,0,0,4780,0,72630,0,164409,0,435927,363240,83716,87551,0,31762,1815985
115,GF2_PMS1__20160827_L1A0001793003-MSS1_label_1_2.tif,0,0,0,4780,0,72630,0,164409,0,435927,363240,83716,87551,0,31762,1815985
115,GF2_PMS1__20160827_L1A0001793003-MSS1_label_1_2.tif,0,0,0,4780,0,72630,0,164409,0,435927,363240,83716,87551,0,31762,1815985
115,GF2_PMS1__20160827_L1A0001793003-MSS1_label_1_2.tif,0,0,0,4780,0,72630,0,164409,0,435927,363240,83716,87551,0,31762,1815985
115,GF2_PMS1__20160827_L1A0001793003-MSS1_label_1_2.tif,0,0,0,4780,0,72630,0,164409,0,435927,363240,83716,87551,0,31762,1815985
115,GF2_PMS1__20160827_L1A0001793003-MSS1_label_1_2.tif,0,0,0,4780,0,72630,0,164409,0,435927,363240,83716,87551,0,31762,1815985
115,GF2_PMS1__20160827_L1A0001793003-MSS1_label_1_2.tif,0,0,0,4780,0,72630,0,164409,0,435927,363240,83716,87551,0,31762,1815985
115,GF2_PMS1__20160827_L1A0001793003-MSS1_label_1_2.tif,0,0,0,4780,0,72630,0,164409,0,435927,363240,83716,87551,0,31762,1815985
115,GF2_PMS1__20160827_L1A0001793003-MSS1_label_1_2.tif,0,0,0,4780,0,72630,0,164409,0,435927,363240,83716,87551,0,31762,1815985
115,GF2_PMS1__20160827_L1A0001793003-MSS1_label_1_2.tif,0,0,0,4780,0,72630,0,164409,0,435927,363240,83716,87551,0,31762,1815985
115,GF2_PMS1__20160827_L1A0001793003-MSS1_label_1_2.tif,0,0,0,4780,0,72630,0,164409,0,435927,363240,83716,87551,0,31762,1815985
115,GF2_PMS1__20160827_L1A0001793003-MSS1_label_1_2.tif,0,0,0,4780,0,72630,0,164409,0,435927,363240,83716,87551,0,31762,1815985
115,GF2_PMS1__20160827_L1A0001793003-MSS1_label_1_2.tif,0,0,0,4780,0,72630,0,164409,0,435927,363240,83716,87551,0,31762,1815985
115,GF2_PMS1__20160827_L1A0001793003-MSS1_label_1_2.tif,0,0,0,4780,0,72630,0,164409,0,435927,363240,83716,87551,0,31762,1815985
115,GF2_PMS1__20160827_L1A0001793003-MSS1_label_1_2.tif,0,0,0,4780,0,72630,0,164409,0,435927,363240,83716,87551,0,31762,1815985
115,GF2_PMS1__20160827_L1A0001793003-MSS1_label_1_2.tif,0,0,0,4780,0,72630,0,164409,0,435927,363240,83716,87551,0,31762,1815985
115,GF2_PMS1__20160827_L1A0001793003-MSS1_label_1_2.tif,0,0,0,4780,0,72630,0,164409,0,435927,363240,83716,87551,0,31762,1815985
115,GF2_PMS1__20160827_L1A0001793003-MSS1_label_1_2.tif,0,0,0,4780,0,72630,0,164409,0,435927,363240,83716,87551,0,31762,1815985
115,GF2_PMS1__20160827_L1A0001793003-MSS1_label_1_2.tif,0,0,0,4780,0,72630,0,164409,0,435927,363240,83716,87551,0,31762,1815985
115,GF2_PMS1__20160827_L1A0001793003-MSS1_label_1_2.tif,0,0,0,4780,0,72630,0,164409,0,435927,363240,83716,87551,0,31762,1815985
115,GF2_PMS1__20160827_L1A0001793003-MSS1_label_1_2.tif,0,0,0,4780,0,72630,0,164409,0,435927,363240,83716,87551,0,31762,1815985
115,GF2_PMS1__20160827_L1A0001793003-MSS1_label_1_2.tif,0,0,0,4780,0,72630,0,164409,0,435927,363240,83716,87551,0,31762,1815985
115,GF2_PMS1__20160827_L1A0001793003-MSS1_label_1_2.tif,0,0,0,4780,0,72630,0,164409,0,435927,363240,83716,87551,0,31762,1815985
115,GF2_PMS1__20160827_L1A0001793003-MSS1_label_1_2.tif,0,0,0,4780,0,72630,0,164409,0,435927,363240,83716,87551,0,31762,1815985
115,GF2_PMS1__20160827_L1A0001793003-MSS1_label_1_2.tif,0,0,0,4780,0,72630,0,164409,0,435927,363240,83716,87551,0,31762,1815985
115,GF2_PMS1__20160827_L1A0001793003-MSS1_label_1_2.tif,0,0,0,4780,0,72630,0,164409,0,435927,363240,83716,87551,0,31762,1815985
115,GF2_PMS1__20160827_L1A0001793003-MSS1_label_1_2.tif,0,0,0,4780,0,72630,0,164409,0,435927,363240,83716,87551,0,31762,1815985
115,GF2_PMS1__20160827_L1A0001793003-MSS1_label_1_2.tif,0,0,0,4780,0,72630,0,164409,0,435927,363240,83716,87551,0,31762,1815985
115,GF2_PMS1__20160827_L1A0001793003-MSS1_label_1_2.tif,0,0,0,4780,0,72630,0,164409,0,435927,363240,83716,87551,0,31762,1815985
115,GF2_PMS1__20160827_L1A0001793003-MSS1_label_1_2.tif,0,0,0,4780,0,72630,0,164409,0,435927,363240,83716,87551,0,31762,1815985
115,GF2_PMS1__20160827_L1A0001793003-MSS1_label_1_2.tif,0,0,0,4780,0,72630,0,164409,0,435927,363240,83716,87551,0,31762,1815985
115,GF2_PMS1__20160827_L1A0001793003-MSS1_label_1_2.tif,0,0,0,4780,0,72630,0,164409,0,435927,363240,83716,87551,0,31762,1815985
115,GF2_PMS1__20160827_L1A0001793003-MSS1_label_1_2.tif,0,0,0,4780,0,72630,0,164409,0,435927,363240,83716,87551,0,31762,1815985
115,GF2_PMS1__20160827_L1A0001793003-MSS1_label_1_2.tif,0,0,0,4780,0,72630,0,164409,0,435927,363240,83716,87551,0,31762,1815985
115,GF2_PMS1__20160827_L1A0001793003-MSS1_label_1_2.tif,0,0,0,4780,0,72630,0,164409,0,435927,363240,83716,87551,0,31762,1815985
115,GF2_PMS1__20160827_L1A0001793003-MSS1_label_1_2.tif,0,0,0,4780,0,72630,0,164409,0,435927,363240,83716,87551,0,31762,1815985
116,GF2_PMS1__20160327_L1A0001491417-MSS1_label_1_0.tif,0,0,648082,0,0,100078,0,0,0,0,86036,0,0,0,7673,2218131
116,GF2_PMS1__20160327_L1A0001491417-MSS1_label_1_0.tif,0,0,648082,0,0,100078,0,0,0,0,86036,0,0,0,7673,2218131
116,GF2_PMS1__20160327_L1A0001491417-MSS1_label_1_0.tif,0,0,648082,0,0,100078,0,0,0,0,86036,0,0,0,7673,2218131
116,GF2_PMS1__20160327_L1A0001491417-MSS1_label_1_0.tif,0,0,648082,0,0,100078,0,0,0,0,86036,0,0,0,7673,2218131
116,GF2_PMS1__20160327_L1A0001491417-MSS1_label_1_0.tif,0,0,648082,0,0,100078,0,0,0,0,86036,0,0,0,7673,2218131
116,GF2_PMS1__20160327_L1A0001491417-MSS1_label_1_0.tif,0,0,648082,0,0,100078,0,0,0,0,86036,0,0,0,7673,2218131
116,GF2_PMS1__20160327_L1A0001491417-MSS1_label_1_0.tif,0,0,648082,0,0,100078,0,0,0,0,86036,0,0,0,7673,2218131
116,GF2_PMS1__20160327_L1A0001491417-MSS1_label_1_0.tif,0,0,648082,0,0,100078,0,0,0,0,86036,0,0,0,7673,2218131
117,GF2_PMS1__20160816_L1A0001765570-MSS1_label_1_0.tif,0,0,2675138,0,0,0,0,0,0,0,0,0,0,0,0,384862
118,GF2_PMS2__20150217_L1A0000658637-MSS2_label_0_2.tif,44722,445000,0,0,0,0,0,0,344668,549833,127961,77541,84805,0,0,1385470
118,GF2_PMS2__20150217_L1A0000658637-MSS2_label_0_2.tif,44722,445000,0,0,0,0,0,0,344668,549833,127961,77541,84805,0,0,1385470
119,GF2_PMS1__20160816_L1A0001765570-MSS1_label_3_0.tif,0,0,1685779,0,0,0,0,0,0,0,0,0,113758,0,0,1260463
120,GF2_PMS1__20150902_L1A0001015649-MSS1_label_0_0.tif,386671,2096864,0,0,0,0,0,0,0,0,0,0,7052,0,0,569413
121,GF2_PMS2__20160510_L1A0001573999-MSS2_label_3_0.tif,0,0,0,0,0,0,857966,0,0,0,0,0,0,0,0,2202034
121,GF2_PMS2__20160510_L1A0001573999-MSS2_label_3_0.tif,0,0,0,0,0,0,857966,0,0,0,0,0,0,0,0,2202034
122,GF2_PMS1__20160327_L1A0001491417-MSS1_label_2_2.tif,0,0,1538988,8276,0,9140,0,0,0,0,253494,6508,0,0,0,1243594
122,GF2_PMS1__20160327_L1A0001491417-MSS1_label_2_2.tif,0,0,1538988,8276,0,9140,0,0,0,0,253494,6508,0,0,0,1243594
122,GF2_PMS1__20160327_L1A0001491417-MSS1_label_2_2.tif,0,0,1538988,8276,0,9140,0,0,0,0,253494,6508,0,0,0,1243594
122,GF2_PMS1__20160327_L1A0001491417-MSS1_label_2_2.tif,0,0,1538988,8276,0,9140,0,0,0,0,253494,6508,0,0,0,1243594
122,GF2_PMS1__20160327_L1A0001491417-MSS1_label_2_2.tif,0,0,1538988,8276,0,9140,0,0,0,0,253494,6508,0,0,0,1243594
122,GF2_PMS1__20160327_L1A0001491417-MSS1_label_2_2.tif,0,0,1538988,8276,0,9140,0,0,0,0,253494,6508,0,0,0,1243594
122,GF2_PMS1__20160327_L1A0001491417-MSS1_label_2_2.tif,0,0,1538988,8276,0,9140,0,0,0,0,253494,6508,0,0,0,1243594
122,GF2_PMS1__20160327_L1A0001491417-MSS1_label_2_2.tif,0,0,1538988,8276,0,9140,0,0,0,0,253494,6508,0,0,0,1243594
123,GF2_PMS1__20160816_L1A0001765570-MSS1_label_1_2.tif,0,0,1864960,87693,0,0,100277,0,0,0,21661,0,0,0,0,985409
124,GF2_PMS1__20160816_L1A0001765570-MSS1_label_2_3.tif,0,0,1362975,0,0,0,36793,0,0,0,0,0,19323,0,0,1640909
125,GF2_PMS2__20160510_L1A0001573999-MSS2_label_3_3.tif,0,0,0,0,0,0,762244,0,0,0,0,0,0,0,0,2297756
125,GF2_PMS2__20160510_L1A0001573999-MSS2_label_3_3.tif,0,0,0,0,0,0,762244,0,0,0,0,0,0,0,0,2297756
126,GF2_PMS2__20150217_L1A0000658637-MSS2_label_2_1.tif,48300,2197032,0,0,0,0,0,0,21519,0,21356,0,46823,0,0,724970
127,GF2_PMS2__20160510_L1A0001573999-MSS2_label_0_2.tif,0,0,0,0,0,0,769148,0,0,0,0,0,0,0,0,2290852
127,GF2_PMS2__20160510_L1A0001573999-MSS2_label_0_2.tif,0,0,0,0,0,0,769148,0,0,0,0,0,0,0,0,2290852
128,GF2_PMS1__20160827_L1A0001793003-MSS1_label_2_0.tif,0,0,0,0,0,0,0,83068,25665,2184066,2,123747,0,0,0,643452
128,GF2_PMS1__20160827_L1A0001793003-MSS1_label_2_0.tif,0,0,0,0,0,0,0,83068,25665,2184066,2,123747,0,0,0,643452
128,GF2_PMS1__20160827_L1A0001793003-MSS1_label_2_0.tif,0,0,0,0,0,0,0,83068,25665,2184066,2,123747,0,0,0,643452
128,GF2_PMS1__20160827_L1A0001793003-MSS1_label_2_0.tif,0,0,0,0,0,0,0,83068,25665,2184066,2,123747,0,0,0,643452
129,GF2_PMS2__20160225_L1A0001433318-MSS2_label_2_1.tif,0,1315961,0,0,0,0,43101,0,0,0,0,0,0,0,0,1700938
130,GF2_PMS1__20150212_L1A0000647768-MSS1_label_1_2.tif,0,1004884,0,0,238184,0,0,0,33006,0,136899,0,0,15519,0,1631508
131,GF2_PMS1__20150212_L1A0000647768-MSS1_label_1_1.tif,0,880309,0,0,346890,0,0,0,0,0,111424,0,233474,28315,8,1459580
132,GF2_PMS2__20160225_L1A0001433318-MSS2_label_1_0.tif,0,640787,0,542008,485430,339080,0,0,0,0,0,0,0,0,0,1052695
132,GF2_PMS2__20160225_L1A0001433318-MSS2_label_1_0.tif,0,640787,0,542008,485430,339080,0,0,0,0,0,0,0,0,0,1052695
132,GF2_PMS2__20160225_L1A0001433318-MSS2_label_1_0.tif,0,640787,0,542008,485430,339080,0,0,0,0,0,0,0,0,0,1052695
132,GF2_PMS2__20160225_L1A0001433318-MSS2_label_1_0.tif,0,640787,0,542008,485430,339080,0,0,0,0,0,0,0,0,0,1052695
132,GF2_PMS2__20160225_L1A0001433318-MSS2_label_1_0.tif,0,640787,0,542008,485430,339080,0,0,0,0,0,0,0,0,0,1052695
132,GF2_PMS2__20160225_L1A0001433318-MSS2_label_1_0.tif,0,640787,0,542008,485430,339080,0,0,0,0,0,0,0,0,0,1052695
132,GF2_PMS2__20160225_L1A0001433318-MSS2_label_1_0.tif,0,640787,0,542008,485430,339080,0,0,0,0,0,0,0,0,0,1052695
132,GF2_PMS2__20160225_L1A0001433318-MSS2_label_1_0.tif,0,640787,0,542008,485430,339080,0,0,0,0,0,0,0,0,0,1052695
132,GF2_PMS2__20160225_L1A0001433318-MSS2_label_1_0.tif,0,640787,0,542008,485430,339080,0,0,0,0,0,0,0,0,0,1052695
132,GF2_PMS2__20160225_L1A0001433318-MSS2_label_1_0.tif,0,640787,0,542008,485430,339080,0,0,0,0,0,0,0,0,0,1052695
132,GF2_PMS2__20160225_L1A0001433318-MSS2_label_1_0.tif,0,640787,0,542008,485430,339080,0,0,0,0,0,0,0,0,0,1052695
132,GF2_PMS2__20160225_L1A0001433318-MSS2_label_1_0.tif,0,640787,0,542008,485430,339080,0,0,0,0,0,0,0,0,0,1052695
132,GF2_PMS2__20160225_L1A0001433318-MSS2_label_1_0.tif,0,640787,0,542008,485430,339080,0,0,0,0,0,0,0,0,0,1052695
132,GF2_PMS2__20160225_L1A0001433318-MSS2_label_1_0.tif,0,640787,0,542008,485430,339080,0,0,0,0,0,0,0,0,0,1052695
132,GF2_PMS2__20160225_L1A0001433318-MSS2_label_1_0.tif,0,640787,0,542008,485430,339080,0,0,0,0,0,0,0,0,0,1052695
132,GF2_PMS2__20160225_L1A0001433318-MSS2_label_1_0.tif,0,640787,0,542008,485430,339080,0,0,0,0,0,0,0,0,0,1052695
132,GF2_PMS2__20160225_L1A0001433318-MSS2_label_1_0.tif,0,640787,0,542008,485430,339080,0,0,0,0,0,0,0,0,0,1052695
132,GF2_PMS2__20160225_L1A0001433318-MSS2_label_1_0.tif,0,640787,0,542008,485430,339080,0,0,0,0,0,0,0,0,0,1052695
133,GF2_PMS2__20160510_L1A0001573999-MSS2_label_1_2.tif,0,0,0,0,0,0,1194231,0,0,0,0,0,0,0,0,1865769
133,GF2_PMS2__20160510_L1A0001573999-MSS2_label_1_2.tif,0,0,0,0,0,0,1194231,0,0,0,0,0,0,0,0,1865769
134,GF2_PMS1__20160421_L1A0001537716-MSS1_label_0_1.tif,0,0,374835,0,0,0,0,0,0,886062,0,0,11601,0,4943,1782559
135,GF2_PMS1__20150902_L1A0001015649-MSS1_label_3_0.tif,712583,1878228,0,0,0,0,0,0,0,0,4605,0,0,0,0,464584
136,GF2_PMS1__20160421_L1A0001537716-MSS1_label_2_0.tif,0,0,96135,0,0,0,0,0,194563,1511649,0,240676,0,0,0,1016977
136,GF2_PMS1__20160421_L1A0001537716-MSS1_label_2_0.tif,0,0,96135,0,0,0,0,0,194563,1511649,0,240676,0,0,0,1016977
137,GF2_PMS1__20160421_L1A0001537716-MSS1_label_1_0.tif,0,0,97825,0,0,0,0,0,417797,577925,0,53735,92699,0,4601,1815418
137,GF2_PMS1__20160421_L1A0001537716-MSS1_label_1_0.tif,0,0,97825,0,0,0,0,0,417797,577925,0,53735,92699,0,4601,1815418
137,GF2_PMS1__20160421_L1A0001537716-MSS1_label_1_0.tif,0,0,97825,0,0,0,0,0,417797,577925,0,53735,92699,0,4601,1815418
138,GF2_PMS2__20150217_L1A0000658637-MSS2_label_0_1.tif,2045990,30942,0,0,0,0,0,0,0,120143,2471,2883,18760,0,55268,783543
138,GF2_PMS2__20150217_L1A0000658637-MSS2_label_0_1.tif,2045990,30942,0,0,0,0,0,0,0,120143,2471,2883,18760,0,55268,783543
138,GF2_PMS2__20150217_L1A0000658637-MSS2_label_0_1.tif,2045990,30942,0,0,0,0,0,0,0,120143,2471,2883,18760,0,55268,783543
138,GF2_PMS2__20150217_L1A0000658637-MSS2_label_0_1.tif,2045990,30942,0,0,0,0,0,0,0,120143,2471,2883,18760,0,55268,783543
139,GF2_PMS1__20160816_L1A0001765570-MSS1_label_0_2.tif,0,0,2197917,13028,0,0,25574,0,0,0,311,0,0,0,130733,692437
139,GF2_PMS1__20160816_L1A0001765570-MSS1_label_0_2.tif,0,0,2197917,13028,0,0,25574,0,0,0,311,0,0,0,130733,692437
139,GF2_PMS1__20160816_L1A0001765570-MSS1_label_0_2.tif,0,0,2197917,13028,0,0,25574,0,0,0,311,0,0,0,130733,692437
140,GF2_PMS1__20160827_L1A0001793003-MSS1_label_1_3.tif,0,0,0,32523,0,0,0,117028,380303,869672,50414,148233,20492,0,17181,1424154
140,GF2_PMS1__20160827_L1A0001793003-MSS1_label_1_3.tif,0,0,0,32523,0,0,0,117028,380303,869672,50414,148233,20492,0,17181,1424154
140,GF2_PMS1__20160827_L1A0001793003-MSS1_label_1_3.tif,0,0,0,32523,0,0,0,117028,380303,869672,50414,148233,20492,0,17181,1424154
140,GF2_PMS1__20160827_L1A0001793003-MSS1_label_1_3.tif,0,0,0,32523,0,0,0,117028,380303,869672,50414,148233,20492,0,17181,1424154
140,GF2_PMS1__20160827_L1A0001793003-MSS1_label_1_3.tif,0,0,0,32523,0,0,0,117028,380303,869672,50414,148233,20492,0,17181,1424154
140,GF2_PMS1__20160827_L1A0001793003-MSS1_label_1_3.tif,0,0,0,32523,0,0,0,117028,380303,869672,50414,148233,20492,0,17181,1424154
140,GF2_PMS1__20160827_L1A0001793003-MSS1_label_1_3.tif,0,0,0,32523,0,0,0,117028,380303,869672,50414,148233,20492,0,17181,1424154
140,GF2_PMS1__20160827_L1A0001793003-MSS1_label_1_3.tif,0,0,0,32523,0,0,0,117028,380303,869672,50414,148233,20492,0,17181,1424154
141,GF2_PMS1__20160327_L1A0001491417-MSS1_label_1_2.tif,0,0,1205157,0,0,3532,0,0,0,522661,231641,0,0,167495,0,929514
141,GF2_PMS1__20160327_L1A0001491417-MSS1_label_1_2.tif,0,0,1205157,0,0,3532,0,0,0,522661,231641,0,0,167495,0,929514
141,GF2_PMS1__20160327_L1A0001491417-MSS1_label_1_2.tif,0,0,1205157,0,0,3532,0,0,0,522661,231641,0,0,167495,0,929514
141,GF2_PMS1__20160327_L1A0001491417-MSS1_label_1_2.tif,0,0,1205157,0,0,3532,0,0,0,522661,231641,0,0,167495,0,929514
141,GF2_PMS1__20160327_L1A0001491417-MSS1_label_1_2.tif,0,0,1205157,0,0,3532,0,0,0,522661,231641,0,0,167495,0,929514
141,GF2_PMS1__20160327_L1A0001491417-MSS1_label_1_2.tif,0,0,1205157,0,0,3532,0,0,0,522661,231641,0,0,167495,0,929514
141,GF2_PMS1__20160327_L1A0001491417-MSS1_label_1_2.tif,0,0,1205157,0,0,3532,0,0,0,522661,231641,0,0,167495,0,929514
141,GF2_PMS1__20160327_L1A0001491417-MSS1_label_1_2.tif,0,0,1205157,0,0,3532,0,0,0,522661,231641,0,0,167495,0,929514
142,GF2_PMS1__20160827_L1A0001793003-MSS1_label_0_3.tif,0,0,17917,228580,0,0,0,68271,182785,97459,616225,0,0,0,0,1848763
142,GF2_PMS1__20160827_L1A0001793003-MSS1_label_0_3.tif,0,0,17917,228580,0,0,0,68271,182785,97459,616225,0,0,0,0,1848763
143,GF2_PMS1__20151203_L1A0001217916-MSS1_label_1_2.tif,0,0,0,0,0,0,0,0,9697,2602237,0,88094,0,0,0,359972
143,GF2_PMS1__20151203_L1A0001217916-MSS1_label_1_2.tif,0,0,0,0,0,0,0,0,9697,2602237,0,88094,0,0,0,359972
144,GF2_PMS1__20160327_L1A0001491417-MSS1_label_0_3.tif,0,0,1476913,0,0,0,0,0,0,0,146080,4493,0,0,0,1432514
144,GF2_PMS1__20160327_L1A0001491417-MSS1_label_0_3.tif,0,0,1476913,0,0,0,0,0,0,0,146080,4493,0,0,0,1432514
145,GF2_PMS2__20160225_L1A0001433318-MSS2_label_2_2.tif,0,1220401,0,0,0,0,0,0,0,0,5396,0,0,0,0,1834203
146,GF2_PMS1__20150212_L1A0000647768-MSS1_label_0_1.tif,0,454523,0,0,239646,0,0,0,0,0,83838,0,50112,652744,26583,1552554
146,GF2_PMS1__20150212_L1A0000647768-MSS1_label_0_1.tif,0,454523,0,0,239646,0,0,0,0,0,83838,0,50112,652744,26583,1552554
146,GF2_PMS1__20150212_L1A0000647768-MSS1_label_0_1.tif,0,454523,0,0,239646,0,0,0,0,0,83838,0,50112,652744,26583,1552554
146,GF2_PMS1__20150212_L1A0000647768-MSS1_label_0_1.tif,0,454523,0,0,239646,0,0,0,0,0,83838,0,50112,652744,26583,1552554
147,GF2_PMS1__20151203_L1A0001217916-MSS1_label_2_0.tif,0,0,0,0,0,0,0,0,373469,1389966,0,218606,33190,0,0,1044769
147,GF2_PMS1__20151203_L1A0001217916-MSS1_label_2_0.tif,0,0,0,0,0,0,0,0,373469,1389966,0,218606,33190,0,0,1044769
148,GF2_PMS2__20160510_L1A0001573999-MSS2_label_2_3.tif,0,0,0,0,0,0,582684,0,0,0,0,0,0,0,0,2477316
148,GF2_PMS2__20160510_L1A0001573999-MSS2_label_2_3.tif,0,0,0,0,0,0,582684,0,0,0,0,0,0,0,0,2477316
149,GF2_PMS1__20150212_L1A0000647768-MSS1_label_0_3.tif,0,766088,0,0,81048,0,0,0,22857,63040,32162,0,0,670391,1,1424413
149,GF2_PMS1__20150212_L1A0000647768-MSS1_label_0_3.tif,0,766088,0,0,81048,0,0,0,22857,63040,32162,0,0,670391,1,1424413
150,GF2_PMS2__20160225_L1A0001433318-MSS2_label_2_0.tif,0,1111554,0,510500,0,0,0,0,0,0,0,0,0,0,0,1437946
150,GF2_PMS2__20160225_L1A0001433318-MSS2_label_2_0.tif,0,1111554,0,510500,0,0,0,0,0,0,0,0,0,0,0,1437946
151,GF2_PMS1__20160327_L1A0001491417-MSS1_label_0_2.tif,0,0,1567699,0,0,0,0,0,0,0,289704,18539,0,0,0,1184058
151,GF2_PMS1__20160327_L1A0001491417-MSS1_label_0_2.tif,0,0,1567699,0,0,0,0,0,0,0,289704,18539,0,0,0,1184058
152,GF2_PMS1__20160827_L1A0001793003-MSS1_label_2_1.tif,0,0,16268,68036,0,161453,0,0,39568,1699249,50608,0,19425,0,0,1005393
152,GF2_PMS1__20160827_L1A0001793003-MSS1_label_2_1.tif,0,0,16268,68036,0,161453,0,0,39568,1699249,50608,0,19425,0,0,1005393
152,GF2_PMS1__20160827_L1A0001793003-MSS1_label_2_1.tif,0,0,16268,68036,0,161453,0,0,39568,1699249,50608,0,19425,0,0,1005393
152,GF2_PMS1__20160827_L1A0001793003-MSS1_label_2_1.tif,0,0,16268,68036,0,161453,0,0,39568,1699249,50608,0,19425,0,0,1005393
152,GF2_PMS1__20160827_L1A0001793003-MSS1_label_2_1.tif,0,0,16268,68036,0,161453,0,0,39568,1699249,50608,0,19425,0,0,1005393
152,GF2_PMS1__20160827_L1A0001793003-MSS1_label_2_1.tif,0,0,16268,68036,0,161453,0,0,39568,1699249,50608,0,19425,0,0,1005393
152,GF2_PMS1__20160827_L1A0001793003-MSS1_label_2_1.tif,0,0,16268,68036,0,161453,0,0,39568,1699249,50608,0,19425,0,0,1005393
152,GF2_PMS1__20160827_L1A0001793003-MSS1_label_2_1.tif,0,0,16268,68036,0,161453,0,0,39568,1699249,50608,0,19425,0,0,1005393
153,GF2_PMS2__20160510_L1A0001573999-MSS2_label_1_3.tif,0,0,0,0,0,0,296047,0,0,0,0,0,0,0,0,2763953
153,GF2_PMS2__20160510_L1A0001573999-MSS2_label_1_3.tif,0,0,0,0,0,0,296047,0,0,0,0,0,0,0,0,2763953
154,GF2_PMS1__20160421_L1A0001537716-MSS1_label_3_3.tif,0,0,1054734,0,0,0,0,0,138183,430421,0,0,75443,0,0,1361219
155,GF2_PMS1__20150212_L1A0000647768-MSS1_label_0_0.tif,0,994478,0,0,142739,0,0,0,9011,10065,186572,0,20530,52776,39535,1604294
155,GF2_PMS1__20150212_L1A0000647768-MSS1_label_0_0.tif,0,994478,0,0,142739,0,0,0,9011,10065,186572,0,20530,52776,39535,1604294
156,GF2_PMS1__20150902_L1A0001015649-MSS1_label_3_1.tif,770509,1832159,0,0,0,0,0,0,0,0,0,0,13330,0,0,444002
157,GF2_PMS1__20150902_L1A0001015649-MSS1_label_3_2.tif,603289,1942021,0,0,0,0,0,0,0,0,297,0,117280,0,0,397113
158,GF2_PMS2__20160225_L1A0001433318-MSS2_label_0_2.tif,0,1717049,0,0,0,0,0,0,0,0,0,5290,0,0,0,1337661
158,GF2_PMS2__20160225_L1A0001433318-MSS2_label_0_2.tif,0,1717049,0,0,0,0,0,0,0,0,0,5290,0,0,0,1337661
159,GF2_PMS1__20150212_L1A0000647768-MSS1_label_2_1.tif,0,1918703,0,0,36940,0,0,0,8147,80797,151448,0,0,0,74235,789730
159,GF2_PMS1__20150212_L1A0000647768-MSS1_label_2_1.tif,0,1918703,0,0,36940,0,0,0,8147,80797,151448,0,0,0,74235,789730
,,39598264,125879534,154822339,22223954,23500315,19201144,25663243,26205378,19820662,239071556,54730693,20170759,20238153,26142469,18918160,
,,4.74%,15.05%,18.52%,2.66%,2.81%,2.30%,3.07%,3.13%,2.37%,28.59%,6.55%,2.41%,2.42%,3.13%,2.26%,
